,Id,Country,HDI Rank,HDI,Life expectancy,Mean years of schooling,Gross national income (GNI) per capita,GNI per capita rank minus HDI rank,Change in HDI rank 2010-2015,Average annual HDI growth 1990-2000,Average annual HDI growth 2000-2010,Average annual HDI growth 2010-2015,Average annual HDI growth 1990-2015,Gender Development Index value,Gender Development Index Group,Human Development Index (HDI) Female,Human Development Index (HDI) Male,Life expectancy at birth Female,Life expectancy at birth Male,Mean years of schooling Female,Mean years of schooling Male,Estimated gross national income per capita Female,Estimated gross national income per capita Male,Share of seats in parliament (% held by women),Population with at least some secondary education % (2005-2015) Female,Population with at least some secondary education % (2005-2015) Male,Labour force participation rate (% ages 15 and older) Female,Total Population (millions) 2015,Total Population (millions) 2030,Population Average annual growth 2000/2005 (%),Population Average annual growth 2010/2015 (%),Population Urban 2015 %,Population Under age 5 (millions) 2015,Population Ages 15–64 (millions) 2015,Population Ages 65 and older (millions) 2015,Population Median age (years) 2015,Dependency Ration Young age (0–14) /(per 100 people ages 15–64),Dependency Ratio Old age (65 and older) /(per 100 people ages 15–64),Total fertility rate (birth per woman) 2000/2005,Total fertility rate (birth per woman) 2000/2007,Infants exclusively breastfed (% ages 0–5 months) 2010-2015,Infants lacking immunization DTP (% of one-year-olds),Infants lacking immunization Measles (% of one-year-olds),Child malnutrition Stunting (moderate or severe) 2010-2015,"Mortality rates Infant (per 1,000 live births) 2015","Mortality rates Under-five (per 1,000 live births) 2015","Mortality rates Female Adult (per 1,000 live births) 2014","Mortality rates Male Adult (per 1,000 live births) 2014","Deaths due to Malria (per 100,000 people) ","Deaths due to Tuberculosis (per 100,000 people) ","HIV prevalence, adult (% ages 15–49)",Life expectancy at age 59 (years) 2010/2015,"Physicians  (per 10,000 people) 2001-2014",Public health expenditure (% of GDP) 2014,Employment to population ratio (% ages 15 and older),Labour force participation rate (% ages 15 and older),Employment in agriculture (% of total employment) 2010-2014,Employment in services (% of total employment) 2010- 2014,Total Unemployment (% of labour force) 2015,Unemployment Youth (% ages 15-24) 2010-2014,Unemployment Youth not in school or employment (% ages 15-24) 2010-2014,Vulnerable employment (% of total employment) 2005-2014,Child labour  (% ages 5-14) 2009-2015,Working poor at PPP$3.10 a day (%) 2004-2013,Mandatory paid maternity leave (days),Old-age pension recipients  (% of statutory pension age population) 2004-2013,Internet users,Internet users (% 2010 -2015),Inequality-adjusted HDI (IHDI),Inequality-adjusted HDI (IHDI) Over loss(%),Difference from HDI rank,Coefficient of human inequality,Inequality in life expectancy (%) 2010-2015,Inequality-adjusted life expectancy index,Inequality in education(%),Inequality-adjusted education index,Inequality in income (%),Inequality-adjusted income index,Income inequality (Quintile ratio) 2010-2015,Income inequality (Palma ratio) 2010-2015,Income inequality (Gini coefficient) 2010-2015
0,1,Norway,1,1,82,13,"67,614",5,0,1,0,0,0,1,1,1,1,84,80,13,13,"59,800","75,314",40,96,95,61,5,6,1,1,81,0,3,1,39,27,25,2,2,,1,6,,2,3,44,69,,0,,24,43,8,62,65,2,77,4,10,6,5,,,,100,97,-1,1,5,0,5,3,1,2,1,10,1,4,1,26
1,2,Australia,2,1,83,13,"42,822",19,1,0,0,0,0,1,1,1,1,85,81,13,13,"34,271","51,386",31,91,92,59,24,29,1,2,89,2,16,4,38,28,23,2,2,,8,7,2,3,4,,,,0,0,25,33,6,61,65,3,70,6,14,10,,,,,83,85,32,1,8,-1,8,4,1,2,1,18,1,6,1,35
2,3,Switzerland,2,1,83,13,"56,364",7,0,1,0,0,0,1,2,1,1,85,81,13,14,"46,798","66,116",29,96,97,63,8,9,1,1,74,0,6,2,42,22,27,1,2,,2,7,,3,4,,,,0,,25,41,8,66,69,3,74,4,7,7,9,,,98,100,88,15,1,9,-4,8,4,1,6,1,16,1,5,1,32
3,4,Germany,4,1,81,13,"45,000",13,0,1,1,0,1,1,2,1,1,83,79,13,14,"35,878","54,440",37,96,97,55,81,79,0,0,75,3,53,17,46,20,32,1,1,,2,3,1,3,4,,,,0,,24,39,9,58,60,1,70,5,7,6,6,,,98,100,88,10,1,7,-1,7,4,1,3,1,15,1,5,1,30
4,5,Denmark,5,1,80,13,"44,519",13,2,1,1,0,1,1,2,1,1,82,79,13,13,"36,857","52,293",37,89,99,58,6,6,0,0,88,0,4,1,42,26,30,2,2,,4,10,,3,4,,,,0,,23,35,9,58,62,2,78,6,11,6,5,,,126,100,96,11,1,7,-2,7,4,1,3,1,14,1,5,1,29
5,6,Singapore,5,1,83,12,"78,162",-3,0,1,1,0,1,1,1,1,1,86,80,11,12,"60,787","96,001",24,76,82,58,6,6,3,2,100,0,4,1,40,21,16,1,1,,2,5,4,2,3,39,71,,1,,25,20,2,65,67,,71,3,7,19,9,,,105,0,82,1,,,,,3,1,,,,,,,
6,7,Netherlands,7,1,82,12,"46,326",8,-2,1,0,0,0,1,3,1,1,84,80,12,12,"30,117","62,773",36,86,90,58,17,18,1,0,91,1,11,3,43,25,28,2,2,,2,4,,3,4,,,,0,,24,29,10,60,64,2,75,6,9,5,13,,,112,100,93,7,1,7,2,7,4,1,4,1,12,1,4,1,28
7,8,Ireland,8,1,81,12,"43,798",11,1,1,1,0,1,1,1,1,1,83,79,13,12,"33,497","54,135",20,87,82,52,5,5,2,0,63,0,3,1,37,34,20,2,2,,2,7,,3,4,,,,0,,23,27,5,54,60,6,75,10,21,15,13,,,182,91,80,-2,1,8,-2,8,4,1,3,1,16,1,5,1,33
8,9,Iceland,9,1,83,12,"37,065",20,7,1,0,1,1,1,2,1,1,84,81,12,13,"30,530","43,576",41,100,97,71,0,0,1,1,94,0,0,0,36,31,21,2,2,,4,10,,2,2,39,67,,0,,25,35,7,71,74,4,77,4,9,6,9,,,90,100,98,6,1,6,6,6,3,1,3,1,12,1,4,1,27
9,10,Canada,10,1,82,13,"42,582",12,1,0,0,0,0,1,1,1,1,84,80,13,13,"33,288","52,026",28,100,100,61,36,40,1,1,82,2,,6,41,24,24,2,2,,2,5,,4,5,,,,0,,25,21,7,61,66,2,78,7,13,13,,,,105,98,89,8,1,9,-2,9,5,1,4,1,17,1,6,1,34
10,11,United States,10,1,79,13,"53,245",1,-3,0,0,0,0,1,1,1,1,82,77,13,13,"42,272","64,410",20,95,95,56,322,356,1,1,82,20,213,48,38,29,22,2,2,,2,9,2,6,7,78,131,,0,,23,25,8,59,62,2,81,5,12,17,,,,,93,75,29,1,14,-10,13,6,1,6,1,27,1,9,2,41
11,12,"Hong Kong, China (SAR)",12,1,84,12,"54,265",-2,3,1,1,0,1,1,2,1,1,87,81,12,12,"39,525","70,921",,81,75,53,7,8,0,1,100,0,5,1,43,16,21,1,1,,,,,,,32,64,,3,,26,,,58,60,,80,3,10,7,7,,,70,73,85,17,,,,,3,1,,,,,,,
12,13,New Zealand,13,1,82,13,"32,870",20,0,1,0,0,0,1,2,1,1,84,80,13,13,"24,413","41,718",31,99,99,62,5,5,1,1,86,0,3,1,38,31,23,2,2,,7,7,,5,6,52,81,,0,,25,27,9,64,68,6,73,6,14,12,,,,112,98,88,13,,,,,5,1,,,,,,,
13,14,Sweden,14,1,82,12,"46,251",2,-1,1,0,0,0,1,1,1,1,84,81,12,12,"40,328","52,181",44,88,88,61,10,11,0,1,86,1,6,2,41,28,32,2,2,,1,3,,2,3,43,66,,0,,24,39,10,60,65,2,79,7,21,7,7,,,,100,91,11,1,7,3,7,3,1,3,1,13,1,4,1,27
14,15,Liechtenstein,15,1,80,12,"75,065",-11,-5,,0,0,,,,,,,,,,,,20,,,,0,0,1,1,14,,,,,,,,,,,,,,,,,,,,,,,,,,,,,,,,,,,97,11,,,,,,,,,,,,,
15,16,United Kingdom,16,1,81,13,"37,931",10,-4,1,0,0,1,1,2,1,1,83,79,13,13,"26,324","49,872",27,81,85,57,65,70,1,1,83,4,42,12,40,28,28,2,2,,2,7,,4,4,54,85,,1,,24,28,8,59,63,1,79,6,15,12,13,,,14,100,92,2,1,8,-1,8,5,1,3,1,16,1,5,1,33
16,17,Japan,17,1,84,13,"37,268",10,1,1,0,0,0,1,2,1,1,87,80,13,12,"25,385","49,818",12,93,91,49,127,120,0,0,94,5,77,33,47,21,43,1,1,,1,2,7,2,3,,,,2,,26,23,9,57,59,4,69,3,5,4,,,,98,80,93,29,1,12,-8,12,3,1,20,1,14,1,5,1,32
17,18,Korea (Republic of),18,1,82,12,"34,541",12,0,1,1,0,1,1,3,1,1,85,79,12,13,"21,308","47,934",16,89,95,50,50,53,1,1,83,2,37,7,41,19,18,1,1,,1,1,3,3,3,37,90,0,4,,24,21,4,59,61,6,70,4,10,19,,,,90,78,90,13,1,16,-19,16,4,1,26,1,18,1,,,
18,19,Israel,19,1,83,13,"31,215",16,2,1,0,0,1,1,2,1,1,84,81,13,13,"23,323","39,239",27,87,90,59,8,10,2,2,92,1,5,1,30,46,18,3,3,,5,4,,3,4,,,,0,,25,33,5,61,64,1,80,5,8,16,,,,98,74,79,9,1,14,-11,13,4,1,8,1,26,1,10,2,43
19,20,Luxembourg,20,1,82,12,"62,471",-12,-4,1,0,0,1,1,2,1,1,84,80,12,12,"47,539","77,291",28,101,99,52,1,1,1,2,90,0,0,0,39,24,20,2,2,,1,1,,2,2,,,,0,,24,29,6,56,59,1,86,6,19,6,6,,,112,90,97,4,1,8,1,8,3,1,6,1,15,1,6,1,35
20,21,France,21,1,82,12,"38,085",4,1,1,0,0,1,1,1,1,1,85,79,12,12,"31,742","44,776",26,80,86,51,64,68,1,1,80,4,40,12,41,30,31,2,2,,1,10,,4,4,51,105,,1,,25,32,9,49,55,3,76,11,25,11,7,,,112,100,85,12,1,9,-1,9,4,1,8,1,16,1,5,1,33
21,22,Belgium,22,1,81,11,"41,243",1,-4,1,0,0,0,1,1,1,1,83,79,11,12,"32,416","50,358",42,80,85,48,11,12,1,1,98,1,7,2,42,26,28,2,2,,1,4,,3,4,,,,0,,24,49,8,49,54,1,77,9,22,12,11,,,105,85,85,4,1,8,2,8,4,1,8,1,13,1,4,1,28
22,23,Finland,23,1,81,11,"38,868",1,1,1,0,0,1,1,1,1,1,84,78,12,11,"32,069","45,882",42,100,100,55,6,6,0,1,84,0,4,1,43,26,32,2,2,,1,3,,2,2,,,,0,,24,29,7,53,59,4,74,10,23,10,10,,,147,100,93,-13,1,6,9,6,3,1,2,1,12,1,4,1,27
23,24,Austria,24,1,82,11,"43,609",-4,-1,1,1,0,0,1,2,1,1,84,79,11,12,"29,829","57,888",30,99,99,55,9,9,1,0,66,0,6,2,43,21,28,1,2,,7,24,,3,4,46,86,,1,,24,48,9,57,60,4,70,6,10,8,9,,,112,100,84,8,1,9,3,9,4,1,4,1,18,1,5,1,31
24,25,Slovenia,25,1,81,12,"28,664",13,0,1,1,0,1,1,1,1,1,84,78,12,12,"25,654","31,726",28,97,98,52,2,2,0,0,50,0,1,0,43,22,27,1,2,,2,6,,2,3,,,,1,,23,25,7,52,58,8,60,9,17,9,15,,,105,95,73,10,1,6,9,6,4,1,3,1,11,1,4,1,26
25,26,Italy,26,1,83,11,"33,573",6,0,1,1,0,1,1,2,1,1,86,81,11,11,"22,910","44,844",30,79,83,39,60,59,1,0,69,3,38,13,46,22,35,1,1,,2,14,,3,4,,,,0,0,25,38,7,43,48,4,70,12,42,22,18,,,150,81,66,-2,1,12,-3,11,3,1,10,1,21,1,7,1,35
26,27,Spain,27,1,83,10,"32,779",7,0,1,0,0,1,1,2,1,1,85,80,10,10,"24,382","41,500",38,71,77,52,46,46,2,0,80,2,31,9,43,22,28,1,1,,1,4,,4,4,,,,1,0,25,50,6,45,58,4,76,22,49,17,13,,,112,68,79,-3,1,11,1,10,4,1,5,1,22,1,7,2,36
27,28,Czech Republic,28,1,79,12,"28,144",11,0,1,0,0,1,1,1,1,1,82,76,12,13,"20,997","35,543",20,100,100,51,11,11,0,0,73,1,7,2,42,23,27,1,2,,1,1,3,3,3,53,115,,1,,22,36,6,56,59,3,59,5,13,8,15,,,196,100,81,5,1,5,10,5,4,1,1,1,11,1,4,1,26
28,29,Greece,29,1,81,11,"24,808",16,0,1,1,0,1,1,2,1,1,84,78,10,11,"17,304","32,683",20,64,72,44,11,11,0,0,78,1,7,2,44,23,33,1,1,,1,3,,4,5,45,101,,1,0,24,62,5,39,52,13,72,25,49,19,30,,,119,77,67,3,1,12,-6,12,4,1,12,1,21,1,8,2,37
29,30,Brunei Darussalam,30,1,79,9,"72,843",-25,1,0,0,0,0,1,1,1,1,81,77,9,9,"55,402","89,256",,68,70,51,0,1,2,2,77,0,0,0,31,32,6,2,2,,1,3,20,9,10,52,85,,4,,21,14,3,62,64,1,81,2,6,,,,,91,82,71,-1,,,,,4,1,,,,,,,
30,31,Estonia,30,1,77,13,"26,362",12,2,1,1,1,1,1,2,1,1,81,72,13,12,"21,976","31,347",24,100,100,55,1,1,-1,0,68,0,1,0,42,25,29,1,2,,5,7,,2,3,,,,2,,21,32,5,58,62,4,66,6,11,12,6,,,140,98,88,17,1,9,3,9,5,1,2,1,19,1,6,1,33
31,32,Andorra,32,1,82,10,"47,979",-18,9,,,1,,,,,,,,10,10,,,39,72,74,,0,0,4,-4,85,,,,,,,,,,1,4,,2,3,,,,1,,,40,6,,,,,,,,,,,,,97,5,,,,,,,,,,,,,
32,33,Cyprus,33,1,80,12,"29,459",4,-3,1,1,0,1,1,1,1,1,83,78,12,12,"23,450","35,227",13,77,83,58,1,1,2,1,67,0,1,0,36,23,18,2,2,,1,14,,3,3,35,70,,0,,22,23,3,54,64,4,80,16,32,17,14,,,126,85,72,2,1,11,-2,11,4,1,12,1,16,1,5,1,34
33,34,Malta,33,1,81,11,"29,500",3,3,1,1,1,1,1,4,1,1,82,79,11,12,"17,295","41,802",13,73,81,39,0,0,1,0,95,0,0,0,42,22,29,2,1,,1,2,,5,6,41,70,,0,,23,35,7,50,52,1,77,5,12,11,9,,,126,61,76,21,1,8,3,8,5,1,6,1,14,1,,,
34,35,Qatar,33,1,78,10,"129,916",-32,2,1,0,1,1,1,1,1,1,80,78,11,10,"50,324","159,897",0,71,68,54,2,3,7,5,99,0,2,0,31,19,1,3,2,29,1,1,,7,8,47,76,,0,,21,77,2,84,85,1,47,0,1,,0,,,50,8,93,23,,,,,6,1,,,,,,,
35,36,Poland,36,1,78,12,"24,117",11,-3,1,1,1,1,1,1,1,1,82,74,12,12,"18,928","29,658",25,81,87,49,39,37,0,0,61,2,27,6,40,22,22,1,1,,1,2,,5,5,,,,1,,22,22,5,53,57,11,58,7,20,12,17,,,182,97,68,21,1,10,2,9,5,1,5,1,17,1,5,1,32
36,37,Lithuania,37,1,74,13,"26,006",7,-1,0,1,1,1,1,2,1,1,79,68,13,13,"22,147","30,530",23,91,96,54,3,3,-1,-2,67,0,2,1,43,22,28,1,2,,3,7,,3,5,92,266,,8,,19,41,4,54,59,9,66,10,18,10,10,,,126,100,71,-13,1,11,0,10,6,1,6,1,20,1,7,1,35
37,38,Chile,38,1,82,10,"21,665",16,2,1,1,1,1,1,2,1,1,85,79,10,10,"14,955","28,556",16,76,77,51,18,20,1,1,90,1,12,2,34,29,16,2,2,,4,6,2,7,8,44,96,,2,0,25,10,4,58,62,9,67,6,16,12,,7,5,126,75,64,12,1,18,-12,17,8,1,8,1,36,1,12,3,51
38,39,Saudi Arabia,38,1,74,10,"51,320",-26,9,1,1,1,1,1,5,1,1,76,73,9,10,"19,300","75,923",20,63,72,20,32,39,3,2,83,3,22,1,28,42,4,4,3,,1,2,9,13,15,80,94,0,2,,19,25,4,52,55,5,71,6,31,18,,,,70,,70,-7,,,,,11,1,,,,,,,
39,40,Slovakia,40,1,76,12,"26,764",1,-7,0,1,0,1,1,1,1,1,80,73,12,12,"20,173","33,770",19,99,100,51,5,5,0,0,54,0,4,1,39,21,20,1,1,,1,3,,6,7,,,,1,,20,33,6,53,60,4,61,11,25,13,12,,,238,100,85,12,1,6,12,6,5,1,1,1,11,1,4,1,26
40,41,Portugal,41,1,81,9,"26,104",2,1,1,0,1,1,1,1,1,1,84,78,9,9,"21,095","31,673",35,51,52,54,10,10,0,0,64,0,7,2,44,22,32,2,1,,1,2,,3,4,,,,1,,24,41,6,51,59,6,70,12,30,12,15,3,,,100,69,-4,1,10,1,10,4,1,6,1,20,1,7,2,36
41,42,United Arab Emirates,42,1,77,10,"66,203",-35,-4,1,0,0,1,1,2,1,1,79,77,11,9,"27,257","80,420",23,77,65,42,9,11,8,2,86,1,8,0,33,16,1,2,2,34,6,6,,6,7,57,81,,0,,20,25,3,77,80,,,4,11,,1,,,45,,91,45,,,,,6,1,,,,,,,
42,43,Hungary,43,1,75,12,"23,394",6,-4,1,1,0,1,1,1,1,1,79,72,12,12,"17,787","29,567",10,96,98,46,10,9,0,0,71,1,7,2,41,22,26,1,1,,1,1,,5,6,,,,1,,20,31,5,50,54,5,65,7,18,14,6,,,168,91,73,-1,1,8,6,8,5,1,3,1,15,1,5,1,31
43,44,Latvia,44,1,74,12,"22,589",7,1,0,1,0,1,1,2,1,1,79,69,12,12,"18,824","27,031",18,99,99,54,2,2,-1,-1,67,0,1,0,43,23,30,1,2,,7,5,,7,8,94,243,,3,1,20,36,4,54,60,7,69,10,15,12,8,,,112,100,79,15,1,11,-1,10,7,1,4,1,20,1,7,1,36
44,45,Argentina,45,1,77,10,"20,945",12,-2,1,1,0,1,1,1,1,1,80,73,10,10,"12,875","29,367",37,64,61,48,43,49,1,1,92,4,28,5,31,39,17,3,2,33,2,5,8,11,13,75,154,,1,0,21,39,3,57,61,1,75,7,19,19,21,4,5,90,91,69,2,1,16,-6,15,10,1,8,1,27,1,10,2,43
45,46,Croatia,45,1,78,11,"20,291",14,1,1,1,0,1,1,1,1,1,81,74,11,12,"16,932","23,897",15,92,96,46,4,4,0,0,59,0,3,1,43,23,29,1,2,23,2,6,,4,4,57,134,,1,,21,30,6,44,52,9,64,16,44,19,10,,,208,58,70,-9,1,9,2,9,5,1,4,1,18,1,6,1,33
46,47,Bahrain,47,1,77,9,"37,236",-19,-3,1,0,0,0,1,2,1,1,78,76,9,9,"25,717","44,303",15,62,56,39,1,2,5,2,89,0,1,0,30,28,3,3,2,34,1,1,,5,6,60,75,,0,,19,9,3,68,69,1,62,1,5,,2,5,,60,40,94,48,,,,,6,1,,,,,,,
47,48,Montenegro,48,1,76,11,"15,410",24,2,,,0,,1,2,1,1,79,74,11,12,"11,757","19,149",17,87,96,42,1,1,0,0,64,0,0,0,38,28,20,2,2,17,3,12,9,4,5,73,130,,1,,20,21,4,40,49,6,73,18,38,,,13,2,45,52,65,-14,1,9,1,9,5,1,7,1,14,1,5,1,32
48,49,Russian Federation,49,1,70,12,"23,286",1,5,0,1,0,0,1,1,1,1,76,65,12,12,"17,868","29,531",15,95,95,57,144,139,0,0,74,9,100,19,39,24,19,1,2,,3,2,,8,10,,,,11,,18,43,4,60,64,7,66,6,15,12,6,,4,140,100,73,-3,1,10,1,10,9,1,2,1,18,1,8,2,42
49,50,Romania,50,1,75,11,"19,428",11,-2,0,1,0,1,1,1,1,1,78,71,10,11,"16,272","22,786",12,86,92,48,20,18,-1,-1,55,1,13,3,42,23,26,1,2,16,2,11,13,10,11,79,195,,6,,20,25,5,52,56,25,45,7,23,17,31,1,,126,98,56,-4,1,11,0,11,8,1,5,1,20,1,4,1,28
50,51,Kuwait,51,1,75,7,"76,075",-48,-1,1,0,0,0,1,2,1,1,76,74,7,7,"35,164","107,991",2,57,58,48,4,5,3,5,98,0,3,0,31,30,3,3,2,12,3,6,6,7,9,58,98,,0,,18,27,3,67,69,1,59,4,17,,2,,,70,27,82,74,,,,,7,1,,,,,,,
51,52,Belarus,52,1,72,12,"15,629",19,1,,1,0,,1,1,1,1,77,66,12,12,"12,327","19,433",29,87,92,55,10,9,-1,0,77,1,7,1,40,23,20,1,2,19,3,1,5,3,5,90,261,,8,1,18,39,4,57,61,10,57,6,13,,2,1,3,126,94,62,14,1,6,6,6,6,1,4,1,10,1,4,1,27
52,53,Oman,52,1,77,8,"34,402",-21,-3,,1,0,,1,3,1,1,79,75,8,9,"15,703","43,894",8,60,57,30,5,5,2,8,78,0,4,0,29,27,3,3,3,33,1,1,14,10,12,70,111,,1,,21,24,3,65,69,5,58,6,19,,,,,50,25,74,-3,,,,,7,1,,,,,,,
53,54,Barbados,54,1,76,11,"14,952",20,2,0,0,0,0,1,1,1,1,78,73,11,10,"11,801","18,377",20,93,91,62,0,0,0,0,32,0,0,0,39,29,21,2,2,20,2,5,8,12,13,75,125,,0,2,20,18,5,58,66,3,78,12,30,,,2,,84,68,76,-7,,,,,8,1,6,1,,,,,
54,55,Uruguay,54,1,77,9,"19,148",8,2,1,1,0,1,1,1,1,1,81,74,9,8,"14,608","24,014",19,55,52,55,3,4,0,0,95,0,2,1,35,33,23,2,2,,1,4,11,9,10,77,136,,2,1,22,37,6,61,65,9,69,7,20,21,23,8,5,98,77,65,22,1,16,-7,15,10,1,10,1,26,1,9,2,42
55,56,Bulgaria,56,1,74,11,"16,261",13,3,0,1,0,1,1,1,1,1,78,71,11,11,"12,979","19,736",20,93,96,49,7,6,-1,-1,74,0,5,1,44,22,30,1,2,,10,7,9,9,10,,,,2,,19,39,5,49,54,7,63,10,22,20,9,,,410,97,57,-6,1,11,2,11,8,1,6,1,18,1,7,2,36
56,57,Kazakhstan,56,1,70,12,"22,093",-3,7,0,1,1,1,1,1,1,1,74,65,12,12,"16,364","28,226",20,100,100,66,18,20,1,2,53,2,12,1,29,40,10,2,3,32,4,1,13,13,14,124,302,,9,0,17,36,2,67,71,24,56,6,5,,29,2,3,126,96,73,54,1,10,4,10,12,1,6,1,13,1,4,1,26
57,58,Bahamas,58,1,76,11,"21,565",-3,-6,,0,0,,,,,,79,73,12,11,"18,070","25,209",17,87,88,69,0,0,2,2,83,0,0,0,32,30,12,2,2,,4,8,,10,12,120,200,,1,3,22,28,4,64,74,4,83,14,28,,,,,91,84,78,-32,,,,,9,1,,,,,,,
58,59,Malaysia,59,1,75,10,"24,620",-13,1,1,1,0,1,,,,,77,73,10,11,"17,170","32,208",13,75,79,49,30,36,2,2,75,3,21,2,29,35,8,3,2,29,1,6,17,6,7,80,167,1,8,0,19,12,2,62,63,12,60,3,10,1,21,,7,60,20,71,20,,,,,7,1,,,,,11,3,46
59,60,Palau,60,1,73,12,"13,771",21,2,,0,0,,,,,,,,,,,,10,,,,0,0,1,1,87,,,,,,,,,,1,17,,14,16,,,,1,,,14,7,,,,,,,,,,,,48,,57,,,,,,,12,1,23,1,,,
60,61,Panama,60,1,78,10,"19,470",0,4,1,1,1,1,1,1,1,1,81,75,10,10,"14,550","24,365",18,70,66,51,4,5,2,2,67,0,3,0,29,42,12,3,3,22,4,10,19,15,17,81,153,0,6,1,24,17,6,62,65,17,65,5,14,18,30,6,10,98,37,51,-4,1,22,-19,21,12,1,14,1,38,0,16,3,51
61,62,Antigua and Barbuda,62,1,76,9,"20,907",-4,-7,,,0,,,,,,79,74,,,,,26,,,,0,0,1,1,24,0,0,0,31,35,10,2,2,,1,2,,6,8,108,154,,4,,22,,4,,,,,,,,,,,91,70,65,-29,,,,,8,1,,,,,,,
62,63,Seychelles,63,1,73,9,"23,886",-15,11,,0,1,,,,,,78,69,,,,,44,,,,0,0,2,1,54,0,0,0,33,34,10,2,2,,1,1,,12,14,92,238,,0,,19,11,3,,,4,78,,,20,10,,,98,100,58,23,,,,,9,1,,,,,10,3,47
63,64,Mauritius,64,1,75,9,"17,948",1,6,1,1,1,1,1,2,1,1,78,71,9,10,"10,540","25,539",12,57,62,47,1,1,1,0,40,0,1,0,35,27,13,2,2,21,3,2,,12,14,95,194,,1,1,20,11,2,56,61,8,64,8,18,,17,,6,84,100,50,45,1,14,-4,14,10,1,13,1,20,1,6,2,36
64,65,Trinidad and Tobago,65,1,71,11,"28,049",-25,-5,1,1,0,1,1,1,1,1,74,67,11,11,"21,104","35,179",32,71,68,53,1,1,1,1,8,0,1,0,34,30,14,2,2,13,7,4,5,18,20,124,217,,2,1,18,12,3,61,63,,,4,10,53,16,1,,98,99,69,11,1,15,-5,15,17,1,7,1,22,1,,,
65,66,Costa Rica,66,1,80,9,"14,006",14,3,1,1,1,1,1,2,1,1,82,77,9,9,"9,955","18,052",33,55,54,47,5,5,2,1,77,0,3,0,31,32,13,2,2,33,9,5,6,9,10,61,114,0,1,0,24,11,7,56,62,13,68,9,21,18,21,4,2,120,56,60,125,1,19,-9,18,8,1,12,1,34,0,13,3,49
66,67,Serbia,66,1,75,11,"12,202",22,0,0,1,1,0,1,2,1,1,78,72,10,11,"9,600","14,932",34,82,92,43,9,8,-1,-1,56,1,6,2,41,25,26,2,2,13,3,14,6,6,7,79,152,,1,,19,21,6,42,52,21,53,19,45,20,29,10,0,135,46,65,-4,1,11,3,11,8,1,8,1,17,1,4,1,29
67,68,Cuba,68,1,80,12,"7,455",48,-12,0,1,0,1,1,3,1,1,82,78,12,12,"5,013","9,874",49,84,87,43,11,11,0,0,77,1,8,2,41,23,20,2,2,33,2,1,7,4,6,72,109,,0,0,23,67,11,54,56,19,64,3,7,,,,6,,,31,234,,,,,6,1,11,1,,,,,
68,69,Iran (Islamic Republic of),69,1,76,9,"16,395",-2,3,2,1,1,1,1,5,1,1,77,75,9,9,"5,132","27,499",3,67,70,16,79,89,1,1,73,7,56,4,30,33,7,2,2,53,1,1,7,13,16,64,105,0,4,0,19,9,3,40,45,18,48,11,24,34,41,11,4,270,26,44,29,1,33,-40,32,11,1,37,0,47,0,7,2,37
69,70,Georgia,70,1,75,12,"8,856",38,5,,1,1,,1,2,1,1,79,71,12,12,"6,105","11,871",11,96,97,57,4,4,-1,-1,54,0,3,1,38,25,20,2,2,55,1,8,11,11,12,64,171,0,7,0,20,43,2,59,67,,,12,30,,60,18,15,183,90,45,42,1,13,3,12,10,1,2,1,24,1,8,2,40
70,71,Turkey,71,1,76,8,"18,705",-7,9,1,1,1,1,1,4,1,1,79,72,7,9,"10,648","27,035",15,44,65,30,79,88,1,2,73,7,53,6,30,38,11,2,2,30,3,6,10,12,14,73,142,0,1,,21,17,4,45,50,20,52,10,16,25,29,6,4,112,88,54,12,1,16,-3,16,12,1,14,1,22,1,8,2,40
71,72,Venezuela (Bolivarian Republic of),71,1,74,9,"15,129",2,-4,1,1,0,1,1,2,1,1,79,70,10,9,"11,579","18,709",17,73,65,51,31,37,2,1,89,3,20,2,27,43,10,3,2,7,12,11,13,13,15,91,195,2,2,1,21,19,2,60,65,7,71,8,17,19,30,8,9,182,59,62,-3,1,19,-11,19,11,1,18,1,28,1,16,3,47
72,73,Sri Lanka,73,1,75,11,"10,789",21,-2,1,1,1,1,1,3,1,1,78,72,10,11,"6,067","15,869",5,80,81,30,21,22,1,1,18,2,14,2,32,37,14,2,2,76,1,1,15,8,10,75,201,0,6,0,20,7,2,49,52,30,43,5,20,1,43,3,12,84,17,30,35,1,12,8,12,8,1,13,1,14,1,7,2,39
73,74,Saint Kitts and Nevis,74,1,74,8,"22,436",-22,2,,,1,,,,,,,,,,,,13,,,,0,0,2,1,32,,,,,,,,,,1,7,,8,11,,,,3,,,12,2,,,,,,,,,,,91,45,76,-14,,,,,,,,,,,,,
74,75,Albania,75,1,78,10,"10,252",24,4,0,1,1,1,1,2,1,1,81,76,10,10,"7,365","13,186",21,90,91,40,3,3,0,0,57,0,2,0,34,27,18,2,2,39,1,2,23,13,14,50,85,,1,,21,12,3,42,50,,,17,33,31,58,5,2,365,77,63,25,1,14,4,13,10,1,12,1,18,1,4,1,29
75,76,Lebanon,76,1,80,9,"13,312",8,-12,,,0,,1,5,1,1,82,78,8,9,"5,844","20,712",3,53,55,24,6,5,4,6,88,1,4,1,29,35,12,2,2,27,16,21,17,7,8,50,71,,2,0,22,32,3,44,47,,,7,22,,28,2,,70,0,74,32,1,21,-10,20,7,1,24,0,30,1,,,
76,77,Mexico,77,1,77,9,"16,383",-9,-5,1,1,0,1,1,2,1,1,79,75,8,9,"10,710","22,115",41,56,59,45,127,148,1,1,79,12,84,8,27,42,10,3,2,14,10,3,14,11,13,81,143,0,2,0,23,21,3,60,62,13,62,4,9,20,,4,9,84,25,57,10,1,23,-12,22,13,1,20,1,34,1,11,3,48
77,78,Azerbaijan,78,1,71,11,"16,413",-12,-2,,1,0,,1,3,1,1,74,68,10,12,"11,029","21,845",17,94,98,62,10,11,1,1,55,1,7,1,31,30,8,2,2,12,4,2,18,28,32,86,178,0,0,0,18,34,1,62,65,37,49,5,14,,56,7,2,126,82,77,11,1,13,5,13,22,1,8,1,9,1,5,1,32
78,79,Brazil,79,1,75,8,"14,145",-1,7,1,1,1,1,1,1,1,1,79,71,8,8,"10,672","17,736",11,59,55,56,208,229,1,1,86,15,144,16,31,33,11,2,2,39,1,3,7,15,16,93,194,1,3,1,21,19,4,62,67,15,77,7,17,20,23,8,5,120,86,59,26,1,26,-19,25,14,1,23,1,38,0,16,4,52
79,80,Grenada,79,1,74,9,"11,502",13,-3,,,0,,,,,,76,71,,,,,25,,,,0,0,0,0,36,0,0,0,27,40,11,2,2,39,3,6,,11,12,98,186,,0,,19,7,3,,,,,,,,,,,90,34,54,-4,,,,,9,1,,,,,,,
80,81,Bosnia and Herzegovina,81,1,77,9,"10,091",22,14,,,1,,1,4,1,1,79,74,8,11,"6,950","13,261",19,70,88,34,4,4,0,0,40,0,3,1,42,19,22,1,1,19,8,11,9,5,5,66,130,,4,,20,19,7,32,46,,,30,67,,25,5,2,365,30,65,12,1,13,6,13,7,1,13,1,20,1,6,1,34
81,82,The former Yugoslav Republic of Macedonia,82,1,76,9,"12,405",5,0,,,0,,1,3,1,1,78,73,9,10,"9,050","15,790",33,40,56,44,2,2,0,0,57,0,2,0,38,24,17,2,2,23,2,7,5,5,6,71,134,,2,,19,26,4,41,56,18,51,27,49,25,23,13,3,270,52,70,3,1,17,1,16,8,1,11,1,30,1,9,2,44
82,83,Algeria,83,1,75,8,"13,533",-1,3,1,1,1,1,1,5,1,1,78,73,7,9,"4,022","22,926",26,34,36,17,40,48,1,2,71,5,26,2,28,44,9,2,3,26,1,5,12,22,26,84,135,0,11,0,22,12,5,39,44,11,58,11,29,23,27,5,,98,64,38,28,,,,,19,1,,,,,,,
83,84,Armenia,84,1,75,11,"8,189",28,1,0,1,0,1,1,1,1,1,79,71,11,11,"5,535","11,258",11,99,98,55,3,3,0,0,63,0,2,0,35,26,15,2,2,35,3,3,21,13,14,70,170,,5,0,20,27,2,53,63,36,47,16,37,41,42,4,14,140,80,58,-12,1,9,15,9,10,1,4,1,14,1,5,1,32
84,85,Ukraine,84,1,71,11,"7,361",34,-1,0,1,0,0,1,1,1,1,76,66,11,11,"5,791","9,181",12,94,96,52,45,41,-1,0,70,3,31,7,40,21,22,1,2,20,10,21,4,8,9,111,292,,13,1,18,35,4,53,59,15,59,10,23,20,18,2,2,126,95,49,23,1,7,18,7,9,1,4,1,9,1,3,1,24
85,86,Jordan,86,1,74,10,"10,111",15,-6,1,0,0,1,1,5,1,1,76,73,10,11,"3,203","16,694",12,79,83,14,8,9,2,3,84,1,5,0,23,59,6,4,4,23,2,2,8,15,18,94,128,,0,,19,26,5,35,40,2,80,13,33,25,10,2,13,70,42,53,75,1,17,3,16,12,1,17,1,21,1,,,
86,87,Peru,87,1,75,9,"11,295",6,3,1,1,1,1,1,2,1,1,78,72,8,10,"8,939","13,655",22,56,67,66,31,37,1,1,79,3,21,2,28,43,11,3,3,68,2,11,15,13,17,96,154,1,7,0,21,11,3,72,74,,76,4,9,15,46,34,12,90,33,41,10,1,22,-8,21,14,1,20,1,30,1,11,2,44
87,88,Thailand,87,1,75,8,"14,519",-11,4,1,1,1,1,1,1,1,1,78,71,8,8,"12,938","16,145",6,41,46,63,68,68,1,0,50,4,49,7,38,25,15,2,2,12,1,1,16,11,12,105,207,1,11,1,21,4,6,71,71,42,38,1,5,14,56,8,2,90,82,39,17,1,21,-5,20,10,1,16,1,34,0,7,2,38
88,89,Ecuador,89,1,76,8,"10,536",6,7,0,1,1,1,1,1,1,1,79,73,8,8,"8,278","12,795",42,48,49,49,16,20,2,2,64,2,10,1,27,45,10,3,3,40,16,15,25,18,22,87,164,0,3,0,23,17,5,61,64,25,54,4,11,4,39,3,11,84,53,49,-19,1,21,-1,20,15,1,16,1,30,0,11,3,45
89,90,China,90,1,76,8,"13,345",-7,11,2,2,1,2,1,2,1,1,78,75,7,8,"10,705","15,830",24,70,79,64,"1,376","1,416",1,1,56,83,"1,000",131,37,24,13,2,2,28,1,1,9,9,11,72,98,0,3,,19,19,3,68,71,3,47,5,12,,,,15,128,74,50,48,,,,,9,1,,,30,1,9,2,42
90,91,Fiji,91,1,70,11,"8,245",20,6,1,0,1,1,,,,,73,67,11,10,"4,695","11,676",16,74,67,37,1,1,0,1,54,0,1,0,28,44,9,3,3,40,1,6,8,19,22,139,236,,5,,17,4,3,50,54,,,8,18,,39,,13,84,11,46,33,1,15,9,15,12,1,11,1,23,1,8,2,43
91,92,Mongolia,92,1,70,10,"10,449",4,8,0,2,1,1,1,2,1,1,74,66,10,10,"8,809","12,122",15,90,86,57,3,4,1,2,72,0,2,0,27,42,6,2,3,47,1,2,11,19,22,132,300,,2,0,18,28,3,58,63,35,47,7,15,2,51,15,7,120,100,21,13,1,13,13,13,17,1,9,1,12,1,5,1,32
92,93,Saint Lucia,92,1,75,9,"9,791",14,-8,,1,0,,1,1,1,1,78,73,9,9,"8,033","11,617",21,48,42,63,0,0,1,1,19,0,0,0,31,34,13,2,2,,1,1,3,13,14,110,168,,2,,21,1,4,56,70,,,20,47,,,4,,91,27,52,-9,1,16,7,16,10,1,9,1,27,1,,,
93,94,Jamaica,94,1,76,10,"8,350",16,-6,0,1,0,0,1,2,1,1,78,74,10,10,"6,628","10,086",17,67,59,58,3,3,1,0,55,0,2,0,29,35,14,3,2,24,3,8,6,14,16,101,166,,0,2,22,4,3,56,65,18,67,14,33,29,38,3,8,56,56,43,-4,1,17,6,16,12,1,6,1,30,0,,,
94,95,Colombia,95,1,74,8,"12,762",-10,6,1,1,1,1,1,1,1,1,78,71,8,8,"10,215","15,389",21,50,60,58,48,53,1,1,76,4,33,3,30,35,10,2,2,43,9,9,13,14,16,90,192,1,2,1,21,15,5,62,69,16,64,10,21,22,48,10,9,98,23,56,21,1,25,-9,24,14,1,17,1,39,0,17,4,54
95,96,Dominica,96,1,78,8,"10,096",6,-8,,0,0,,,,,,,,,,,,22,,,,0,0,0,0,70,,,,,,,,,,1,6,,20,21,,,,3,,,16,4,,,,,,,,,,,84,39,68,-28,,,,,,,,,,,,,
96,97,Suriname,97,1,71,8,"16,018",-27,1,,,1,,1,2,1,1,75,68,8,9,"10,501","21,512",26,58,57,41,1,1,1,1,66,0,0,0,29,40,10,3,2,3,9,15,9,19,21,121,222,1,2,1,19,9,3,50,55,3,73,8,19,,13,4,,0,,43,82,1,24,-7,23,14,1,19,1,37,0,,,
97,98,Tunisia,97,1,75,7,"10,249",3,-5,1,1,0,1,1,4,1,1,77,73,7,8,"4,662","15,967",31,38,50,25,11,13,1,1,67,1,8,1,31,34,11,2,2,9,2,2,10,12,14,73,126,,2,0,20,12,4,41,48,15,52,15,35,25,22,2,5,30,69,49,24,1,23,-3,22,12,1,35,0,19,1,6,2,36
98,99,Dominican Republic,99,1,74,8,"12,756",-13,0,1,1,1,1,1,1,1,1,77,71,8,8,"9,281","16,256",19,57,56,52,11,12,2,1,79,1,7,1,26,47,11,3,3,5,9,12,7,26,31,121,205,0,4,1,22,15,3,56,65,15,42,14,30,21,42,13,8,84,11,52,-7,1,22,1,22,17,1,20,0,28,1,11,3,47
99,100,Saint Vincent and the Grenadines,99,1,73,9,"10,372",-1,-6,,1,0,,,,,,75,71,,,"7,600","13,095",13,,,56,0,0,0,0,51,0,0,0,30,36,11,2,2,,1,1,,17,18,130,182,,1,,20,5,4,54,67,,,20,40,,8,,,91,77,52,-14,,,,,13,1,,,,,,,
100,101,Tonga,101,1,73,11,"5,284",33,-8,0,1,0,0,1,2,1,1,76,70,11,11,"3,959","6,602",0,91,91,53,0,0,1,0,24,0,0,0,21,64,10,4,4,52,14,33,8,14,17,102,167,,2,,19,6,4,60,63,,,5,12,,,,,0,1,45,26,,,,,14,1,,,,,7,2,38
101,102,Libya,102,1,72,7,"14,303",-25,-35,1,0,-1,0,1,2,1,1,75,69,8,7,"7,163","21,364",16,66,44,28,6,7,2,0,79,1,4,0,28,46,7,3,3,,4,7,21,11,13,99,173,,10,,18,19,4,42,53,,,21,50,,,,,98,43,19,-13,,,,,16,1,,,,,,,
102,103,Belize,103,1,70,11,"7,375",14,-2,0,0,0,0,1,2,1,1,73,67,11,11,"5,360","9,402",13,78,77,56,0,1,3,2,44,0,0,0,24,51,6,3,3,15,4,5,19,14,17,132,224,0,2,2,17,8,4,62,70,,,12,22,28,24,3,,98,65,42,-22,1,23,-6,22,12,1,16,1,38,0,,,
103,104,Samoa,104,1,74,10,"5,372",27,0,1,1,0,1,,,,,77,71,,,"3,444","7,182",6,78,70,23,0,0,1,1,19,0,0,0,21,65,9,4,4,51,1,9,,15,18,93,159,,3,,19,5,7,39,41,5,80,6,14,38,31,,,28,50,25,21,,,,,13,1,,,,,8,2,43
104,105,Maldives,105,1,77,6,"10,383",-8,10,,1,1,,1,3,1,1,78,76,6,6,"7,155","13,591",6,34,31,57,0,0,2,2,46,0,0,0,26,41,7,3,2,48,1,1,20,7,9,59,83,,2,,20,14,11,60,68,15,67,12,28,56,19,,13,60,100,55,36,1,25,-9,23,7,1,40,0,23,1,7,2,38
105,106,Uzbekistan,105,1,69,12,"5,748",21,6,,1,1,,1,3,1,1,72,65,12,12,"3,891","7,668",16,100,100,48,30,34,1,2,36,3,20,1,26,43,7,3,3,26,1,1,20,34,39,133,238,,9,0,18,25,3,56,62,,,10,20,,,,,126,98,43,-3,1,16,10,15,24,1,1,1,20,0,,,
106,107,Moldova (Republic of),107,1,72,12,"5,026",31,0,-1,1,1,0,1,1,1,1,76,68,12,12,"4,461","5,637",22,95,97,39,4,4,0,0,45,0,3,0,36,21,13,1,1,36,6,10,6,14,16,101,244,,8,1,17,30,5,40,42,29,54,5,16,29,32,16,1,126,73,50,51,1,10,21,10,9,1,7,1,14,1,4,1,27
107,108,Botswana,108,1,65,9,"14,663",-33,-3,0,2,1,1,1,1,1,1,67,62,9,10,"13,278","16,050",10,85,87,73,2,3,1,2,57,0,2,0,24,50,6,3,3,20,2,3,31,35,44,262,346,0,28,22,17,3,3,63,77,26,56,19,29,,13,9,26,84,100,28,41,0,38,-23,36,21,1,32,0,56,0,23,6,61
108,109,Gabon,109,1,65,8,"19,044",-46,5,0,0,1,0,1,4,1,1,66,64,7,9,"15,838","22,177",16,62,46,40,2,2,2,2,87,0,1,0,21,64,9,4,4,6,23,39,18,36,51,246,245,67,55,4,18,3,2,39,49,,,21,36,,31,13,18,98,39,24,63,1,24,-3,24,28,1,24,0,20,1,8,2,42
109,110,Paraguay,110,1,73,8,"8,182",3,-4,1,1,1,1,1,2,1,1,75,71,8,8,"6,138","10,165",17,46,47,58,7,8,2,1,60,1,4,0,25,47,9,3,3,24,2,10,11,18,21,126,166,0,3,0,21,12,5,68,72,23,58,5,12,12,38,28,6,63,22,44,15,1,24,-5,24,18,1,14,1,38,0,15,4,52
110,111,Egypt,111,1,71,7,"10,064",-7,-3,1,1,1,1,1,5,1,1,74,69,6,8,"4,750","15,267",2,55,68,23,92,117,2,2,43,12,56,5,25,54,9,3,3,40,4,7,22,20,24,113,189,,0,0,17,28,2,44,49,28,48,12,36,28,26,7,48,90,33,36,23,0,29,-10,28,13,1,35,0,36,0,,,
111,112,Turkmenistan,111,1,66,10,"14,026",-32,2,,,1,,,,,,70,62,,,"9,359","18,856",26,,,47,5,6,1,1,50,1,4,0,26,42,6,3,2,11,1,1,19,44,51,153,297,,3,,17,24,1,56,62,,,10,20,,,,,,,15,130,,,,,26,1,,,,,,,
112,113,Indonesia,113,1,69,8,"10,053",-8,3,1,1,1,1,1,3,1,1,71,67,7,9,"6,668","13,391",17,43,52,51,258,296,1,1,54,25,173,13,28,41,8,3,3,42,6,23,36,23,27,147,205,10,41,1,17,2,1,63,67,34,45,6,19,24,33,7,39,90,8,22,51,1,18,9,18,17,1,21,0,17,1,7,2,40
113,114,"Palestine, State of",114,1,73,9,"5,256",21,-5,,,0,,1,5,1,1,75,71,9,9,"1,766","8,651",,56,61,18,5,7,2,3,75,1,3,0,19,71,5,5,4,39,1,1,7,18,21,98,143,,0,,19,8,,32,44,11,61,26,40,31,26,6,3,70,8,57,20,1,15,13,15,14,1,17,1,15,1,6,1,35
114,115,Viet Nam,115,1,76,8,"5,335",18,2,2,1,1,1,1,1,1,1,81,71,8,8,"4,834","5,846",24,64,77,74,93,105,1,1,34,8,66,6,30,33,10,2,2,24,5,3,19,17,22,68,186,0,18,1,22,12,4,77,78,47,32,2,5,9,63,16,15,180,35,53,4,1,18,9,18,14,1,18,1,21,0,7,2,38
115,116,Philippines,116,1,68,9,"8,395",-7,-7,1,1,0,1,1,1,1,1,72,65,10,9,"6,845","9,917",27,73,70,51,101,124,2,2,44,11,64,5,24,50,7,4,3,34,14,12,30,22,28,144,272,0,10,0,17,12,2,60,65,30,54,7,16,25,38,11,32,60,29,41,33,1,18,8,18,16,1,12,1,27,0,8,2,43
116,117,El Salvador,117,1,73,7,"7,732",-3,-6,2,1,0,1,1,2,1,1,78,69,6,7,"5,386","10,385",32,39,45,49,6,6,1,0,67,1,4,1,27,42,13,3,2,47,4,6,14,14,17,105,265,0,2,1,22,16,5,59,63,20,60,6,13,6,38,19,9,84,18,27,17,1,22,3,22,14,1,27,0,26,0,8,2,42
117,118,Bolivia (Plurinational State of),118,1,69,8,"6,155",6,0,1,1,1,1,1,3,1,1,71,66,8,9,"4,695","7,610",52,50,59,64,11,13,2,2,69,1,7,1,24,53,11,4,3,64,2,5,18,31,38,156,219,0,3,0,21,5,5,71,73,,,4,7,,54,26,13,90,100,45,30,0,29,-6,29,29,1,21,1,36,0,15,3,48
118,119,South Africa,119,1,58,10,"12,087",-30,2,0,0,1,0,1,2,1,1,60,56,10,11,"8,795","15,489",41,74,76,46,55,60,2,1,65,5,36,3,26,45,8,3,2,8,27,30,24,34,41,419,464,2,44,19,16,8,4,40,53,5,72,25,50,31,9,,17,120,93,52,63,0,35,-12,32,26,0,14,1,56,0,28,7,63
119,120,Kyrgyzstan,120,1,71,11,"3,097",32,3,0,1,1,0,1,2,1,1,75,67,11,11,"2,123","4,090",19,100,100,49,6,7,1,2,36,1,4,0,25,49,7,3,3,41,4,4,13,19,21,111,251,0,11,0,18,20,4,58,63,32,48,8,15,21,42,26,15,126,100,30,34,1,12,20,12,14,1,5,1,18,0,4,1,27
120,121,Iraq,121,1,70,7,"11,608",-30,-3,1,1,0,1,1,5,1,1,72,67,5,8,"3,552","19,467",27,36,56,15,36,54,3,3,70,6,20,1,19,73,6,5,5,20,23,43,23,27,32,132,198,,2,,18,6,3,35,42,,,17,35,,,5,30,72,56,17,25,1,22,1,22,19,1,31,0,16,1,,,
121,122,Cabo Verde,122,1,74,5,"6,049",3,1,,1,1,,,,,,75,72,,,"4,030","8,123",21,,,53,1,1,2,1,66,0,0,0,25,45,7,3,2,60,1,7,,21,25,97,137,0,5,1,19,3,4,61,68,,,11,18,,,6,49,60,56,43,67,1,20,4,20,13,1,18,0,28,0,11,3,47
122,123,Morocco,123,1,74,5,"7,195",-4,4,1,1,1,1,1,5,1,1,75,73,4,6,"3,388","11,091",16,26,33,25,34,40,1,1,60,3,23,2,28,41,9,3,3,28,1,1,15,24,28,87,106,,8,0,19,6,2,45,49,39,39,10,19,,51,8,13,98,40,57,26,0,30,-2,28,16,1,46,0,23,0,7,2,41
123,124,Nicaragua,124,1,75,7,"4,747",16,2,1,1,1,1,1,2,1,1,78,72,7,6,"3,150","6,389",41,46,44,49,6,7,1,1,59,1,4,0,25,46,8,3,2,32,1,1,23,19,22,106,194,0,3,0,22,9,5,60,64,32,51,6,10,,47,15,20,84,24,20,71,0,26,1,25,15,1,30,0,32,0,11,3,47
124,125,Guatemala,125,1,72,6,"7,063",-4,5,1,1,1,1,1,2,1,1,76,69,6,6,"5,132","9,081",14,37,36,41,16,21,2,2,52,2,10,1,21,63,8,4,3,53,11,33,47,24,29,129,236,0,2,1,21,9,2,60,62,33,50,3,6,30,45,26,14,84,14,27,-12,0,30,-2,29,17,1,36,0,34,0,12,3,49
125,126,Namibia,125,1,65,7,"9,770",-18,2,0,1,1,0,1,1,1,1,68,63,7,7,"7,971","11,667",38,38,39,56,3,3,1,2,47,0,2,0,21,61,6,4,4,49,8,17,23,33,45,249,325,0,63,13,17,4,5,44,59,31,54,26,50,32,8,,31,84,98,22,14,0,35,-13,33,22,1,25,0,54,0,20,6,61
126,127,Guyana,127,1,67,8,"6,884",-5,-2,1,0,0,1,1,3,1,1,69,64,9,8,"4,346","9,397",30,68,53,42,1,1,0,0,29,0,1,0,25,44,8,3,3,23,2,1,12,32,39,173,250,24,21,2,16,2,3,53,60,,,11,25,,,18,,91,100,38,-6,1,19,10,19,21,1,11,1,24,0,,,
127,128,Micronesia (Federated States of),127,1,69,10,"3,291",22,-6,,1,0,,,,,,70,68,,,,,0,,,,0,0,0,0,22,0,0,0,22,55,7,4,3,60,2,9,,29,35,150,178,,16,,17,2,12,,,,,,,,,,,,,32,-100,,,,,20,1,,,,,10,2,43
128,129,Tajikistan,129,1,70,10,"2,601",30,2,-1,1,1,0,1,3,1,1,73,66,10,11,"2,100","3,088",15,98,88,59,9,11,2,2,27,1,5,0,23,56,5,4,4,34,2,2,27,39,45,118,207,0,3,0,18,19,2,61,69,,,11,17,,47,10,22,140,80,19,27,1,15,16,15,23,1,7,1,15,0,5,1,31
129,130,Honduras,130,1,73,6,"4,466",11,-1,1,1,0,1,1,3,1,1,76,71,6,6,"2,680","6,254",26,33,31,47,8,10,2,2,55,1,5,0,23,50,8,4,3,31,14,12,23,17,20,122,174,0,1,0,22,4,4,63,66,36,45,4,7,41,53,15,28,84,8,20,-23,0,29,0,29,20,1,24,0,42,0,16,3,51
130,131,India,131,1,68,6,"5,663",-4,4,1,2,1,2,1,5,1,1,70,67,5,8,"2,184","8,897",12,35,61,27,"1,311","1,528",2,1,33,124,860,74,27,44,9,3,3,46,10,17,39,38,48,145,217,4,17,,18,7,1,52,54,50,29,4,10,27,81,12,53,84,24,26,26,0,27,4,27,24,1,39,0,16,1,5,2,35
131,132,Bhutan,132,1,70,3,"7,081",-12,5,,,1,,1,5,1,1,70,70,2,4,"5,657","8,308",8,6,13,59,1,1,3,2,39,0,1,0,27,40,7,3,2,51,1,3,34,27,33,216,210,0,10,,20,3,3,65,66,56,33,3,9,,53,3,11,56,3,40,58,0,29,-3,28,21,1,45,0,20,1,7,2,39
132,133,Timor-Leste,133,1,69,4,"5,371",-1,-1,,3,0,,1,5,1,1,70,67,4,5,"3,124","7,549",39,,,27,1,2,3,2,33,0,1,0,19,82,11,7,6,62,19,26,50,45,53,128,174,16,94,,17,1,1,39,41,51,40,5,16,,70,4,78,84,100,13,168,0,31,-5,30,24,1,48,0,18,0,5,1,32
133,134,Vanuatu,134,1,72,7,"2,805",23,-1,,,0,,,,,,74,70,,,"2,139","3,453",0,,,62,0,0,3,2,26,0,0,0,22,62,7,4,3,73,25,47,29,23,28,108,156,4,8,,18,1,5,68,71,,,4,9,,70,15,,84,4,22,-8,0,17,12,17,15,1,18,0,19,0,7,2,37
134,135,Congo,135,1,63,6,"5,503",-7,3,-1,1,1,1,1,3,1,1,64,61,6,7,"4,731","6,274",12,45,50,67,5,7,2,3,65,1,3,0,19,79,7,5,5,33,5,20,21,33,45,247,286,104,46,,18,1,4,65,70,,,7,12,,75,23,46,105,22,8,24,0,25,6,25,31,0,22,0,21,0,13,3,49
135,136,Equatorial Guinea,135,1,58,6,"21,517",-79,0,,1,0,,,,,,59,57,4,7,"17,462","25,375",20,,,71,1,1,3,3,40,0,1,0,21,68,5,6,5,7,35,56,26,68,94,286,326,69,7,5,17,3,3,74,82,,,9,15,,,28,20,84,,21,16,,,,,38,0,,,,,,,
136,137,Kiribati,137,1,66,8,"2,475",23,-3,,,0,,,,,,70,63,,,,,9,,,,0,0,2,2,44,0,0,0,22,57,6,4,4,69,17,9,,44,56,159,240,,49,,17,4,8,,,22,62,,,,53,,,84,,13,258,0,33,-7,32,26,1,21,0,48,0,7,2,38
137,138,Lao People's Democratic Republic,138,1,67,5,"5,049",-2,5,2,2,2,2,1,4,1,1,68,65,5,6,"4,408","5,696",25,30,43,78,7,9,2,2,39,1,4,0,22,57,6,4,3,40,6,13,44,51,67,176,217,10,55,,17,2,1,76,77,71,20,2,4,,84,10,84,105,6,18,-15,0,27,1,27,26,1,34,0,20,0,6,2,38
138,139,Bangladesh,139,1,72,5,"3,341",8,2,2,2,1,2,1,3,1,1,73,71,5,6,"2,379","4,285",20,42,44,43,161,187,2,1,34,15,106,8,26,45,8,3,2,55,3,11,36,31,38,107,152,14,51,0,19,4,1,59,62,48,35,4,12,40,58,4,86,112,40,14,86,0,29,-2,29,20,1,37,0,28,0,5,1,32
139,140,Ghana,139,1,62,7,"3,839",5,0,1,1,1,1,1,5,1,1,63,61,6,8,"3,200","4,484",11,52,69,76,27,37,3,2,54,4,16,1,21,67,6,5,4,52,1,8,19,43,62,231,270,67,36,2,16,1,2,72,77,45,41,6,12,,77,22,44,84,8,24,81,0,33,-8,33,31,0,35,0,32,0,9,2,43
140,141,Zambia,139,1,61,7,"3,464",7,3,1,3,1,2,1,4,1,1,63,59,6,7,"2,803","4,126",13,52,49,70,16,25,3,3,41,3,8,1,17,90,6,6,6,73,4,15,40,43,64,270,331,79,32,13,18,2,3,67,75,52,38,11,20,28,79,41,78,84,8,21,81,0,36,-11,35,34,0,22,0,49,0,16,4,56
141,142,Sao Tome and Principe,142,1,67,5,"3,070",12,-2,1,1,1,1,1,4,1,1,69,65,5,6,"2,000","4,149",18,31,45,45,0,0,2,2,65,0,0,0,19,79,6,5,5,74,2,8,17,35,47,165,219,43,7,,18,5,4,52,61,26,47,14,22,,,26,,90,42,26,13,0,25,7,25,27,1,21,0,26,0,5,1,31
142,143,Cambodia,143,1,69,5,"3,095",10,1,1,3,1,2,1,5,1,1,71,67,4,6,"2,650","3,563",19,13,26,76,16,19,2,2,21,2,10,1,24,49,6,3,3,65,1,6,32,25,29,145,210,4,58,1,17,2,1,81,81,54,30,1,1,8,64,19,72,90,5,19,134,0,23,11,22,20,1,27,0,20,0,4,1,31
143,144,Nepal,144,1,70,4,"2,337",19,2,2,2,1,2,1,4,1,1,72,69,3,5,"1,979","2,718",30,24,41,80,29,33,1,1,19,3,18,2,23,53,9,4,2,57,6,12,37,29,36,139,177,0,17,0,17,2,2,81,83,67,22,3,5,9,,37,44,52,63,18,183,0,27,2,26,20,1,44,0,14,0,5,1,33
144,145,Myanmar,145,1,66,5,"4,943",-6,2,2,2,1,2,,,,,68,64,5,5,"4,182","5,740",13,27,20,75,54,60,1,1,34,5,36,3,28,41,8,3,2,24,10,14,35,40,50,173,229,11,53,1,17,6,1,74,78,,,5,12,,,,83,98,,22,"6,603",,,,,26,1,19,0,,,,,
145,146,Kenya,146,1,62,6,"2,881",10,-1,-1,2,1,1,1,4,1,1,64,60,6,7,"2,357","3,405",21,28,34,62,46,65,3,3,26,7,26,1,19,76,5,5,4,61,12,21,26,36,49,251,296,50,21,6,18,2,4,61,67,,,9,18,,,26,,90,8,46,32,0,30,-1,29,32,0,23,0,33,0,12,3,49
146,147,Pakistan,147,1,66,5,"5,031",-10,2,1,2,1,1,1,5,0,1,67,65,4,7,"1,498","8,376",20,27,46,24,189,245,2,2,39,25,114,9,23,58,7,4,4,38,21,37,45,66,81,143,179,2,26,0,18,8,1,51,54,44,34,5,11,,63,,37,84,2,18,17,0,31,-2,30,33,0,44,0,12,1,4,1,31
147,148,Swaziland,148,1,49,7,"7,522",-33,-1,-1,0,1,0,1,5,0,1,48,50,6,7,"5,078","10,020",15,27,31,40,1,2,1,2,21,0,1,0,21,63,6,4,3,64,1,14,26,45,61,612,576,1,51,29,16,2,7,39,52,,,26,53,,,7,23,14,86,30,20,0,33,-5,33,35,0,27,0,38,0,14,4,52
148,149,Syrian Arab Republic,149,1,70,5,"2,441",13,-29,1,1,-4,0,1,5,0,1,77,64,5,6,835,"4,007",12,35,43,12,19,29,2,-2,58,2,11,1,21,63,7,4,3,43,35,46,28,11,13,86,283,,0,,19,15,2,37,42,13,55,12,29,,33,4,35,120,17,30,15,0,22,10,21,15,1,32,0,18,0,,,
149,150,Angola,150,1,53,5,"6,291",-27,4,,2,1,,,,,,54,51,,,"5,073","7,527",37,,,60,25,39,4,3,44,5,13,1,16,95,5,7,6,,1,15,29,96,157,321,369,101,52,2,16,2,2,63,68,,,8,12,,,24,50,90,15,12,27,0,37,-8,37,46,0,35,0,29,0,9,2,43
150,151,Tanzania (United Republic of),151,1,66,6,"2,467",10,1,1,2,1,1,1,3,1,1,67,64,5,6,"2,359","2,576",36,10,15,74,54,83,3,3,32,9,28,2,17,88,6,6,5,41,1,1,35,35,49,243,281,51,58,5,19,0,3,76,79,67,27,3,6,32,74,29,73,84,3,5,63,0,25,7,25,25,1,29,0,23,0,6,2,38
151,152,Nigeria,152,1,53,6,"5,443",-23,-1,,,1,,1,5,0,1,53,53,5,7,"4,132","6,706",6,,,48,182,263,3,3,48,31,97,5,18,83,5,6,6,17,25,49,33,69,109,346,379,107,97,3,14,4,1,53,56,,,6,9,,,25,72,84,,47,50,0,38,-10,38,41,0,43,0,28,0,9,2,43
152,153,Cameroon,153,1,56,6,"2,894",2,5,0,1,1,1,1,5,0,1,57,55,5,7,"2,340","3,448",27,32,38,71,23,33,3,3,54,4,13,1,19,78,6,6,5,28,7,20,32,57,88,345,370,65,31,5,17,1,1,73,76,,,5,7,11,74,47,48,98,13,21,72,0,33,-1,32,39,0,35,0,23,0,11,3,47
153,154,Papua New Guinea,154,1,63,4,"2,712",4,1,2,2,1,1,,,,,65,61,4,5,"2,362","3,047",3,9,15,70,8,10,3,2,13,1,5,0,21,62,5,4,4,56,13,35,50,45,57,237,313,40,40,1,15,1,4,68,70,,,3,7,,,,67,0,1,8,68,,,,,27,0,12,0,,,10,2,44
154,155,Zimbabwe,154,1,59,8,"1,588",20,15,-2,1,3,0,1,3,0,1,61,58,7,8,"1,360","1,822",35,52,65,78,16,21,1,2,32,3,9,1,19,75,5,4,4,41,2,8,28,47,71,382,413,18,15,15,18,1,3,75,82,66,25,9,15,,66,,83,98,6,16,44,0,29,2,28,31,0,17,0,36,0,9,2,43
155,156,Solomon Islands,156,1,68,5,"1,561",19,-3,,1,1,,,,,,70,67,,,"1,061","2,045",2,,,61,1,1,3,2,22,0,0,0,20,69,6,5,4,74,5,7,33,24,28,157,198,6,13,,17,2,5,44,67,,,35,52,,,,53,84,13,10,231,0,24,9,24,22,1,23,0,26,0,11,3,46
156,157,Mauritania,157,1,63,4,"3,527",-12,0,2,1,1,1,1,5,0,1,65,62,3,5,"1,608","5,422",22,11,24,29,4,6,3,3,60,1,2,0,20,71,6,5,5,27,12,16,22,65,85,183,228,67,22,1,17,1,2,33,47,,,31,47,,,15,18,98,9,15,16,0,32,1,32,34,0,41,0,21,0,5,1,32
157,158,Madagascar,158,1,66,6,"1,320",25,-8,,1,0,,1,3,1,1,67,64,7,6,"1,091","1,549",21,,,84,24,36,3,3,35,4,13,1,19,75,5,5,5,42,17,36,49,36,50,199,248,41,51,0,17,2,2,85,86,75,17,2,4,5,86,23,90,98,5,4,26,0,27,7,27,25,1,35,0,20,0,9,2,43
158,159,Rwanda,159,0,65,4,"1,617",14,4,3,3,1,3,1,1,0,0,67,62,3,4,"1,428","1,822",58,11,16,86,12,16,2,2,29,2,7,0,19,73,5,5,4,87,1,2,38,31,42,178,296,33,6,3,18,1,3,83,85,75,16,2,3,,78,29,82,84,5,18,115,0,32,1,32,30,0,29,0,36,0,11,3,50
159,160,Comoros,160,0,64,5,"1,335",22,-1,,,1,,1,5,0,1,65,62,4,6,715,"1,945",3,,,35,1,1,2,2,28,0,0,0,20,71,5,5,5,12,17,20,32,55,74,204,254,70,8,,16,2,2,46,57,,,20,38,,,22,25,98,,8,127,0,46,-18,45,31,0,48,0,56,0,,,
160,161,Lesotho,160,0,50,6,"3,319",-12,2,-1,1,1,0,1,2,0,1,50,50,7,5,"2,631","4,020",25,24,23,59,2,3,1,1,27,0,1,0,21,60,7,4,3,67,3,8,33,69,90,599,581,,64,23,16,1,8,48,66,,,28,38,,17,23,65,84,100,16,115,0,36,-6,35,34,0,24,0,47,0,21,4,54
161,162,Senegal,162,0,67,3,"2,250",3,4,0,2,2,1,1,5,0,1,69,65,2,4,"1,706","2,814",43,10,19,45,15,23,3,3,44,3,8,0,18,82,6,5,5,33,6,20,19,42,47,160,227,60,21,1,17,1,2,52,57,46,22,9,13,,58,15,64,98,24,22,55,0,33,1,33,25,1,45,0,28,0,8,2,40
162,163,Haiti,163,0,63,5,"1,657",9,-2,1,1,1,1,,,,,65,61,4,7,"1,370","1,950",4,26,39,62,11,13,2,1,59,1,7,1,23,55,8,4,3,40,28,47,22,52,69,215,277,5,20,2,18,,2,62,66,,,7,17,,,24,61,42,1,12,73,0,40,-7,39,31,0,38,0,48,0,33,7,61
163,164,Uganda,163,0,59,6,"1,670",8,-3,3,2,1,2,1,5,0,1,61,57,5,7,"1,266","2,075",35,26,32,82,39,62,3,3,16,7,19,1,16,97,5,7,6,63,11,18,34,38,55,283,346,58,12,7,17,1,2,82,85,72,20,4,6,6,79,16,61,84,7,19,34,0,31,6,31,36,0,29,0,27,0,8,2,41
164,165,Sudan,165,0,64,4,"3,846",-22,-1,2,1,1,2,1,5,0,1,65,62,3,4,"1,902","5,775",31,14,19,24,40,56,3,2,34,6,23,1,19,72,6,5,5,55,1,14,38,48,70,197,254,17,21,0,18,3,2,42,48,45,40,14,23,,,25,28,56,5,27,70,,,,,32,0,43,0,,,6,1,35
165,166,Togo,166,0,60,5,"1,262",18,-1,1,1,1,1,1,5,0,1,61,59,3,6,"1,116","1,412",18,23,36,81,7,11,3,3,40,1,4,0,19,77,5,5,5,58,9,18,28,52,78,256,289,83,9,2,15,1,2,75,81,,,8,12,9,89,28,66,98,11,7,57,0,32,5,32,32,0,39,0,24,0,11,3,46
166,167,Benin,167,0,60,4,"1,979",1,0,1,1,1,1,1,5,0,1,61,58,3,4,"1,673","2,287",7,16,31,70,11,16,3,3,44,2,6,0,19,77,5,6,5,41,16,37,34,64,100,223,270,80,10,1,16,1,2,71,72,45,44,1,2,20,88,15,66,98,10,7,15,0,37,-3,37,37,0,45,0,29,0,8,2,43
167,168,Yemen,168,0,64,3,"2,300",-4,-12,1,1,0,1,1,5,0,1,65,63,2,4,"1,045","3,530",1,16,33,26,27,36,3,3,35,4,15,1,19,71,5,6,4,10,6,25,47,34,42,201,245,10,4,0,16,2,1,42,50,25,56,16,30,48,30,23,51,70,9,25,40,0,34,0,33,29,0,48,0,21,0,,,
168,169,Afghanistan,169,0,61,4,"1,871",1,-2,1,3,1,2,1,5,0,1,62,60,2,6,511,"3,148",27,9,35,19,33,44,4,3,27,5,17,1,18,82,5,7,5,,18,34,41,66,91,238,281,0,44,0,16,3,3,48,53,,,10,20,,,29,90,90,11,8,71,0,32,3,30,36,0,45,0,11,0,,,
169,170,Malawi,170,0,64,4,"1,073",16,1,2,1,1,2,1,4,0,0,65,63,4,5,972,"1,175",17,15,24,81,17,27,3,3,16,3,9,1,17,88,7,6,5,70,3,15,42,43,64,262,279,63,17,9,19,0,6,76,81,64,29,7,9,17,,39,88,56,4,9,70,0,31,5,31,33,0,28,0,33,0,10,3,46
170,171,Côte d'Ivoire,171,0,52,5,"3,163",-20,1,0,1,1,1,1,5,0,1,53,51,4,6,"2,136","4,155",9,17,33,52,23,32,2,2,54,4,12,1,18,78,6,6,5,12,22,37,30,67,93,388,424,71,,3,14,1,2,61,67,,,10,14,,79,26,54,98,8,21,45,0,38,-2,37,40,0,45,0,27,0,10,2,43
171,172,Djibouti,172,0,62,4,"3,216",-22,-2,,2,1,,,,,,64,61,,,"1,981","4,441",13,,,37,1,1,2,1,77,0,1,0,24,52,7,4,3,1,7,29,34,54,65,230,277,28,120,2,18,2,7,24,52,,,54,,,,8,,98,12,12,75,0,35,3,34,33,0,47,0,22,0,10,2,44
172,173,Gambia,173,0,61,3,"1,541",3,-1,2,1,0,1,1,5,0,0,62,59,3,4,"1,296","1,790",9,25,39,72,2,3,3,3,60,0,1,0,17,90,5,6,6,47,2,4,25,48,69,237,291,84,18,2,15,0,5,54,77,32,55,30,44,,61,19,,180,11,17,49,,,,,31,0,,,27,0,,,
173,174,Ethiopia,174,0,65,3,"1,523",5,1,,4,2,,1,5,0,0,67,63,2,4,"1,161","1,886",37,11,21,77,99,138,3,3,20,15,55,4,19,75,6,6,5,52,14,30,40,41,59,203,255,48,33,,18,0,3,78,83,73,20,6,8,1,89,27,75,90,9,12,443,0,26,10,26,30,0,37,0,10,0,5,1,33
174,175,Mali,175,0,59,2,"2,218",-9,4,3,3,2,3,1,5,0,0,58,59,2,3,"1,349","3,071",9,7,16,50,18,27,3,3,40,3,9,0,16,95,5,7,6,38,20,20,39,75,115,263,258,92,11,1,15,1,2,61,66,,,9,11,14,83,21,80,98,6,10,162,0,34,0,33,40,0,42,0,16,0,5,1,33
175,176,Congo (Democratic Republic of the),176,0,59,6,680,15,4,-1,2,2,1,1,5,0,0,61,58,4,8,599,761,8,15,35,71,77,120,3,3,43,14,39,2,17,90,6,7,6,48,19,23,43,75,98,241,290,107,69,1,17,1,2,68,71,,,4,6,,,38,85,98,15,4,179,0,32,3,32,39,0,28,0,28,0,9,2,42
176,177,Liberia,177,0,61,4,683,13,0,,1,1,,1,5,0,0,62,60,3,6,575,788,11,17,40,58,5,6,3,3,50,1,3,0,19,77,6,6,5,55,26,42,32,53,70,231,269,69,68,1,15,0,3,58,61,47,41,4,5,15,79,21,89,90,,6,104,0,33,1,33,33,0,43,0,23,0,7,2,37
177,178,Guinea-Bissau,178,0,56,3,"1,369",3,-2,,,1,,,,,,57,54,,,"1,139","1,603",14,,,67,2,3,2,2,49,0,1,0,19,73,6,6,5,53,8,31,28,60,93,252,306,96,63,,15,1,1,67,73,,,8,12,,,38,79,60,6,4,62,0,39,-5,39,45,0,40,0,33,0,13,3,51
178,179,Eritrea,179,0,64,4,"1,490",1,-1,,,1,,,,,,66,62,,,"1,286","1,693",22,,,78,5,7,3,2,23,1,3,0,19,78,5,5,4,69,3,4,50,34,47,228,295,4,14,1,15,1,2,77,84,,,8,13,,,,69,60,,1,119,,,,,26,1,,,,,,,
179,180,Sierra Leone,179,0,51,3,"1,529",-1,3,1,3,1,2,1,5,0,0,52,51,3,4,"1,354","1,708",12,17,30,65,7,9,4,2,40,1,4,0,19,77,5,6,5,32,12,22,38,87,120,399,407,109,45,1,13,0,2,65,67,,,3,5,,,37,81,84,1,3,158,0,38,-3,37,43,0,47,0,19,0,5,1,34
180,181,Mozambique,181,0,56,4,"1,098",4,0,4,3,1,3,1,5,0,0,57,54,3,5,"1,016","1,184",40,3,8,83,28,41,3,3,32,5,14,1,17,88,7,6,6,41,7,15,43,57,79,382,425,71,67,11,17,0,4,62,79,,,22,38,10,,22,91,60,17,9,146,0,33,3,33,36,0,34,0,28,0,10,3,46
181,182,South Sudan,181,0,56,5,"1,882",-12,-7,,,0,,,,,,57,55,4,5,,,24,,,71,12,18,4,4,19,2,7,0,19,77,6,6,5,45,51,78,31,60,93,321,348,55,29,3,16,,1,,73,,,,,,,,,56,,18,65,,,,,41,0,40,0,,,13,3,46
182,183,Guinea,183,0,59,3,"1,058",4,0,2,2,1,2,1,5,0,0,60,59,2,4,848,"1,267",22,,,80,13,18,2,3,37,2,7,0,19,78,6,6,5,21,40,48,31,61,94,260,285,105,29,2,15,1,3,81,82,75,19,2,1,,90,28,73,98,9,5,137,0,35,2,34,35,0,48,0,17,0,6,1,34
183,184,Burundi,184,0,57,3,691,5,-1,0,4,1,2,1,4,0,0,59,55,3,4,632,752,38,7,10,85,11,17,3,3,12,2,6,0,18,85,5,7,6,69,2,6,58,54,82,267,327,64,23,1,16,0,4,82,84,,,2,3,,94,26,94,84,4,5,154,0,32,4,31,41,0,37,0,14,0,5,1,33
184,185,Burkina Faso,185,0,59,1,"1,537",-8,0,,,1,,1,5,0,0,60,58,1,2,"1,278","1,800",9,6,12,77,18,27,3,3,30,3,9,0,17,88,5,6,6,50,5,12,33,61,89,250,279,103,9,1,15,1,3,81,84,,,3,5,,90,39,81,98,3,11,120,0,34,2,33,37,0,39,0,24,0,5,2,35
185,186,Chad,186,0,52,2,"1,991",-19,0,,2,1,,1,5,0,0,53,51,1,3,"1,581","2,400",15,2,10,64,14,22,4,3,23,3,7,0,16,96,5,7,6,0,40,46,40,85,139,346,388,153,23,2,16,0,2,68,72,,,6,8,,,26,67,98,2,3,64,0,40,-1,40,46,0,42,0,31,0,10,2,43
186,187,Niger,187,0,62,2,889,1,1,2,2,2,2,1,5,0,0,63,61,1,2,481,"1,292",13,4,8,40,20,36,4,4,19,4,9,1,15,108,6,8,8,23,11,28,43,57,96,203,239,131,18,1,16,0,3,63,65,,,3,4,,85,31,85,98,6,2,101,0,28,1,28,35,0,35,0,12,0,5,1,34
187,188,Central African Republic,188,0,52,4,587,4,-1,0,1,0,0,1,5,0,0,53,50,3,6,482,696,13,12,30,72,5,7,2,2,40,1,3,0,20,68,7,5,4,34,31,51,41,92,130,382,423,115,48,4,16,1,2,72,78,,,8,12,,,29,81,98,,5,-9,0,44,0,43,46,0,35,0,49,0,18,5,56
188,189,Korea (Democratic People's Rep. of),,,71,,,,,,,,,,,,,74,67,,,,,16,,,74,25,27,1,1,61,2,17,2,34,31,14,2,2,69,6,1,28,20,25,106,176,0,20,,17,33,,74,80,,,7,13,,,,81,,,,631,,,,,15,1,,,,,,,
189,190,Marshall Islands,,,,,"4,412",,,,,,,,,,,,,,,,,9,92,93,,0,0,0,0,73,,,,,,,,,31,3,21,,30,36,,,,38,,,4,14,,,11,80,,,,,,,,64,19,,,,,,,,,,,,,,
190,191,Monaco,,,,,,,,,,,,,,,,,,,,,,21,,,,0,0,1,1,100,,,,,,,,,,1,1,,3,4,,,,0,,,72,4,,,,,,,,,,,,,93,40,,,,,,,,,,,,,
191,192,Nauru,,,,,"12,058",,,,,,,,,,,,,,,,,5,,,,0,0,0,0,100,,,,,,,,,67,1,2,24,29,35,,,,6,,,7,3,,,,,,,,,,,,57,,-100,,,,,,,,,,,,,
192,193,San Marino,,,,,"50,063",,,,,,,,,,,,,,,,,17,,,,0,0,1,1,94,,,,,,,,,,18,43,,3,3,,,,0,,,51,6,,,0,65,,,,,,,150,,,16,,,,,,,,,,,,,
193,194,Somalia,,,56,,294,,,,,,,,,,,57,54,,,170,418,14,,,33,11,17,3,2,40,2,5,0,17,93,6,7,7,5,48,54,26,85,137,285,346,34,67,1,16,0,,50,54,,,8,12,,,49,77,,,2,680,,,,,42,0,44,,,,,,
194,195,Tuvalu,,,,,"5,395",,,,,,,,,,,,,,,,,7,,,,0,0,1,0,60,,,,,,,,,35,1,4,10,23,27,,,,14,,,11,16,,,,,,,,,,,,20,43,148,,,,,,,11,,,,8,2,41